NEVRİYE;
NİLAY;
RÜŞTÜ;
ASLI;
TANSU;
ASLIHAN;
NURCAN;
DEMET;
ERDEM;
BETÜL EMİNE;
ÇETİN;
PINAR;
RASİM;
AHMET;
ZEHRA;
SELİM;
DENİZ;
MESUT;
AYSEL;
MÜMÜNE;
DUÇEM;
YAKUP;
ERCAN;
MEHMET GÖKÇE;
ATİLLA SÜLEYMAN;
MERAL;
NURDAN;
SEÇİL;
ELİF;
HASAN BİLEN;
NİLAY;
HİLAL;
ENGİN;
ŞEYMA MELİHA;
MÜJDAT;
BUSE;
ARİF;
AYŞE;
HACİ HALİL;
IŞIK;
SERAY;
SERHAT BURKAY;
EMİN;
ÇAVLAN;
ŞEREF CAN;
KADİR;
MÜBERRA;
AYŞE;
HASAN;
SAVAŞ;
AYŞE NUR;
SÜLEYMAN;
DUYGU;
HACI MEHMET;
MEHTAP;
ERKAN;
SEMİNE;
ELİF;
RAMAZAN;
AHMET EMRE;
SERKAN;
DENİZ;
MİNE;
FATİH;
İREM;
ENDER;
YASEMİN;
SEMA;
MUSTAFA ULAŞ;
ALİ;
EMİNE;
TÜLAY;
BİRSEN;
GÜLSEN;
TUBA;
HAYRİYE;
BAHADIR;
SEZEN;
EDİP GÜVENÇ;
MEHTAP;
FİLİZ;
EYLEM;
RAMAZAN;
BİLGİN;
ESRA;
ATİYE MELTEM;
METİN;
TUĞÇE;
OSMAN;
AYŞE;
HİLAL;
YAVUZ;
YAĞMUR;
AYŞE;
ALP;
ASUMAN;
ÖMER;
ŞENAY;
GÜLNAME;
TUTKU;
BETÜL;
EMİNE DİLEK;
ZELİHA;
ESİN SEREN;
FİLİZ;
ULAŞ;
HALE;
ADEM;
İLKER;
ERHAN;
FARUK;
İBRAHİM;
SERKAN;
MAHMUT ESAT;
ERAY;
OKTAY;
DENİZ;
OSMAN;
İZZET;
İHSAN;
URAL;
ARİF;
AZİZ;
FUAT ERNİS;
HAKAN;
MUZAFFER OĞUZ;
MAHİR;
TAYYAR ALP;
EREM;
CİHAN;
MEHMET;
ÜMİT;
MEHMET;
YASEMİN;
CEYDA;
FATIMA İLAY;
NİLAY;
HURİYE;
MERVE;
ŞEYMA;
SELAHATTİN;
İLKER;
ÖMER;
SÜLEYMAN;
TAYFUN;
ESER;
MEHMET CİHAT;
İSMAİL;
ABDULLAH;
MURAT;
CAN;
AYDOĞAN;
HAMDİYE;
KERİME RUMEYSA;
MELAHAT;
UYSAN;
EMRAH;
HAYRİ ÜSTÜN;
MURAT;
HÜSEYİN SAİD;
SELİM;
ZEKERİYA;
FATİH;
DERYA;
NEVAL;
SEZER;
ÖZGE;
HATİKE;
ÖZGÜR;
ŞAFAK;
AHMET TUNÇ;
ÖZDEN;
OKAN;
RAZİYE DAMLA;
MAHMUT;
LALE;
EYÜP;
DERYA;
SELAHATTİN;
ZEKİ;
HÜSEYİN;
MELEK;
BİNNUR;
ONUR SALİH;
ERKİN;
MURAT;
ERHAN;
BURAK;
AYŞE CEREN;
NUMAN;
NEVİN;
ÜZEYİR;
CAN;
KEMAL;
KORHAN;
ALPER;
FUNDA;
HAMZA;
MUSTAFA RAŞİD;
YUSUF;
MELİKE;
ŞÜKRÜ;
KASIM;
GÖKSEL;
HİKMET;
ASIM;
ÜMRAN;
TEKİN;
MURAT;
HACER;
BERAY;
HANIM;
EDA;
NURAY;
ÖMER FARUK;
FERHAT;
OĞUZ;
BENGÜ;
AHMET MERT;
PINAR;
EMRE;
KÜBRA;
SELÇUK;
ŞENOL;
ORHAN;
MÜMÜN FATİH;
MURAT;
MERT;
KADİR;
KAAN SUAT;
ERCAN;
GÖKHAN;
DENİZ;
CİHAN;
CEM;
ALİŞAN;
ALİ SAİP;
ABİDE MERVE;
YUSUF;
ÖMER;
SERDAR;
YÜKSEL;
AHMET;
MAHMUT;
BURAK;
YASEMİN;
İBRAHİM FUAT;
MUSTAFA;
BİLGE MERVE;
AHMET CEVDET;
SEHER;
MEHMET DENİZ;
SAMET;
SAMET SANCAR;
ŞULE;
SELİM;
KADİR;
CAHİT;
HAYRUNNİSA;
UĞUR;
RESUL;
MUSTAFA BUĞRA;
İSHAK;
ESRA;
SANEM GÖKÇEN MERVE;
EZGİ;
MUSTAFA GÜVENÇ;
OĞUZ KAĞAN;
ESMA;
ÖMER AYKUT;
MEHMET ŞİRİN;
OSMAN;
AHMET;
NAİL;
İREM;
ELA;
BAHRİ;
ALİ RIZA;
ADEM;
MEHMET;
BAYRAM FURKAN;
HALİL;
KÜBRA;
SEFA;
MEHTAP;
FATİH;
BERKAN;
HÜSEYİN;
VOLKAN;
ŞEBNEM;
TUBA;
AYHAN;
ENNUR;
ALİ RIZA;
EZGİ GİZEM;
NESLİHAN;
İLYAS;
SERKAN;
MEHMET SELAHATTİN;
MURAT;
MEHMET;
CİHAN;
MURAT;
KASIM;
RAHİME MERVE;
OZAN;
ÖZKAN;
ZAFER;
SENAN;
BEDREDDİN;
MURAT;
ZEYNALABİDİN;
CAHİT;
DENİZ;
MEHMET EMRAH;
ESRA;
TUNCAY;
HÜSEYİN;
YİĞİT;
BÜNYAMİN;
PERVER;
ERDEM;
ÖMER;
SERHAT;
DENİZ ARMAĞAN;
GAMZE;
YAŞAR;
İLKAY;
SAADET NİLAY;
HÜSEYİN KALKAN;
TAMER;
HİDİR;
ADEM;
AHMET;
DERYA;
FATİH;
YAVUZ SELİM;
BEYZA;
ÜMİT;
AHMET;
FETHİ;
HİDAYET;
MEVLÜT;
YAVUZ SELİM;
MEHMET FATİH;
FETHİYE;
MERVE;
MEHMET KORAY;
EMİNE;
MELİKE;
MEHTAP;
SEVDA;
EMİN;
EMİR KAAN;
MEHMET HİLMİ;
HAVVA;
LÜTFİ;
EFE;
ELÇİN;
TÜRKER;
GÖZDE GİZEM;
TEVHİD;
AYŞE GÜL;
FATMA;
TİMUÇİN;
BİROL;
MUAMMER;
DİLŞAH;
YAŞAR BARBAROS;
ELİF NİHAL;
YASEMİN;
ŞAHİN;
ALİ;
EMRAH;
AYŞE;
YAKUP ONUR;
ÇAĞRI;
BAHADIR;
KURTULUŞ;
KADİR;
ARDA;
YALÇIN;
CEREN BUĞLEM;
ESRA;
ÜMİT;
ŞERİFE;
ŞEYDA;
ASLI;
NESLİHAN;
ESRA;
ÇAĞRI SERDAR;
MEHMET ALİ;
KAMURAN;
DERYA PINAR;
MERYEM;
ŞİRİN;
SEVİM;
HARUN;
PINAR;
BARIŞ;
FATİH AVNİ;
İBRAHİM;
DAMLA;
İPEK;
ÖKKEŞ CELİL;
AYŞE;
RECEP;
EMRE;
HALİL;
MURAT;
SERKAN;
ALEV;
MÜŞERREF;
FATİH;
AHMET;
ADNAN;
HİSAR CAN;
ONUR;
ALP;
SERHAN;
ÇİĞDEM;
SERKAN;
ELİF;
HASAN;
AHMET;
BAKİ;
SEDA;
HANDAN;
AYLİN SEVİL;
NECMİYE GÜL;
NİZAM;
OKTAY;
HARUN;
YAVUZ;
PINAR;
MEHMET;
UMUT;
MESUDE;
HÜSEYİN CAHİT;
HAŞİM ONUR;
EYYUP SABRİ;
EVRE;
EGE;
UFUK;
AHMET ALİ;
MEDİHA;
HASAN;
KAMİL;
NEBİ;
ÖZCAN;
NAGİHAN;
CEREN;
SERKAN;
HASAN;
YUSUF KENAN;
ÇETİN;
TARKAN;
MERAL LEMAN;
ERGÜN;
KENAN AHMET;
URAL;
YAHYA;
BENGÜ;
FATİH NAZMİ;
DİLEK;
MEHMET;
TUFAN AKIN;
MEHMET;
TURGAY YILMAZ;
GÜLDEHEN;
GÖKMEN;
BÜLENT;
EROL;
BAHRİ;
ÖZEN ÖZLEM;
SELMA;
TUĞSEM;
TESLİME NAZLI;
GÜLÇİN;
İSMAİL;
ÜLKÜ;
ÖZHAN;
UFUK;
AKSEL;
FULYA;
BURCU;
TAYLAN;
YILMAZ;
ZEYNEP;
BAYRAM;
GÜLAY;
RABİA;
SEVDA;
SERHAT;
ENGİN;
ASLI;
TUBA;
BARIŞ;
SEVGİ;
KALENDER;